S.NO,Video Title,Video_link,Views,Uploaded,Channel Name,Channel Link
1,Eminem & Snoop Dogg - From The D 2 The LBC [Official Music Video],https://www.youtube.com/watch?v=RjrA-slMoZ4,47M views,2 months ago,EminemMusic,https://www.youtube.com/channel/UCfM3zsQsOnfWNUppiycmBuw
2,Eminem - Rap God (Explicit),https://www.youtube.com/watch?v=XbGs_qK2PQA,1.3B views,8 years ago,EminemMusic,https://www.youtube.com/channel/UCfM3zsQsOnfWNUppiycmBuw
3,Eminem Greatest Hits 2022 | TOP 100 Songs of the Weeks 2022 | Best Playlist RAP Hip Hop 2022,https://www.youtube.com/watch?v=nCTrYuss40Y,324K views,1 month ago,HIP HOP MIX 2000S üëë,https://www.youtube.com/channel/UCfubDWZ_cFf495jQ4auOFtw
4,Eminem - Lose Yourself [HD],https://www.youtube.com/watch?v=_Yhyp-_hX2s,1.2B views,7 years ago,msvogue23,https://www.youtube.com/c/msvogue23entertainment
5,Eminem Best Rap Music Playlist 2022 - Eminem Greatest Hits Full Album 2022,https://www.youtube.com/watch?v=MIJmgfdBu-8,112K views,2 months ago,HIP HOP MIX 2000S üëë,https://www.youtube.com/channel/UCfubDWZ_cFf495jQ4auOFtw
6,Eminem Greatest Hits 2022 | TOP 100 Songs of the Weeks 2022 - Best Playlist Full Album,https://www.youtube.com/watch?v=4WzpwrH1NBk,18K views,1 month ago,#HIP HOP MIX üé∂,https://www.youtube.com/user/sarawut072
7,Eminem - Without Me (Official Music Video),https://www.youtube.com/watch?v=YVkUvmDQ3HY,1.4B views,13 years ago,EminemMusic,https://www.youtube.com/channel/UCfM3zsQsOnfWNUppiycmBuw
8,Eminem - Venom,https://www.youtube.com/watch?v=8CdcCD5V-d8,711M views,3 years ago,EminemMusic,https://www.youtube.com/channel/UCfM3zsQsOnfWNUppiycmBuw
9,"Eminem feat. Snoop Dogg Performs ""From the D 2 the LBC"" | 2022 VMAs",https://www.youtube.com/watch?v=0GW3TWBlQgE,173K views,5 hours ago,MTV,https://www.youtube.com/c/MTV
10,"DJ Khaled - USE THIS GOSPEL (REMIX - Official Audio) ft. Ye, Eminem",https://www.youtube.com/watch?v=Nh6DuYynq7c,1.2M views,3 days ago,DJ Khaled,https://www.youtube.com/channel/UC0Kgvj5t_c9EMWpEDWJuR1Q
11,Eminem - Cinderella Man (Lyric Video),https://www.youtube.com/watch?v=vs-Bsqt5ooQ,3.6M views,2 weeks ago,EminemMusic,https://www.youtube.com/channel/UCfM3zsQsOnfWNUppiycmBuw
12,Eminem - Stan (Lyrics) ft. Dido,https://www.youtube.com/watch?v=kt14c7sYTFA,26M views,1 year ago,Popular Music,https://www.youtube.com/c/PopularMusicNetwork
13,Eminem - Love The Way You Lie ft. Rihanna,https://www.youtube.com/watch?v=uelHwf8o7_U,2.4B views,12 years ago,EminemMusic,https://www.youtube.com/channel/UCfM3zsQsOnfWNUppiycmBuw
14,Eminem - Not Afraid (Official Video),https://www.youtube.com/watch?v=j5-yKhDd64s,1.6B views,12 years ago,EminemMusic,https://www.youtube.com/channel/UCfM3zsQsOnfWNUppiycmBuw
15,Eminem - Space Bound (Official Video),https://www.youtube.com/watch?v=JByDbPn6A1o,352M views,11 years ago,EminemMusic,https://www.youtube.com/channel/UCfM3zsQsOnfWNUppiycmBuw
16,Eminem - Mockingbird (Official Music Video),https://www.youtube.com/watch?v=S9bCLPwzSC0,630M views,12 years ago,EminemMusic,https://www.youtube.com/channel/UCfM3zsQsOnfWNUppiycmBuw
17,Eminem - The Real Slim Shady (Official Video - Clean Version),https://www.youtube.com/watch?v=eJO5HU_7_1w,717M views,11 years ago,EminemMusic,https://www.youtube.com/channel/UCfM3zsQsOnfWNUppiycmBuw
18,Eminem - Till I Collapse [HD],https://www.youtube.com/watch?v=ytQ5CYE1VZw,717M views,6 years ago,msvogue23,https://www.youtube.com/c/msvogue23entertainment
19,Eminem - When I'm Gone (Official Music Video),https://www.youtube.com/watch?v=1wYNFfgrXTI,921M views,13 years ago,EminemMusic,https://www.youtube.com/channel/UCfM3zsQsOnfWNUppiycmBuw
20,Eminem - Godzilla ft. Juice WRLD (Directed by Cole Bennett),https://www.youtube.com/watch?v=r_0JjYUe5jo,511M views,2 years ago,Lyrical Lemonade,https://www.youtube.com/user/GooodLifeFilms
21,"Eminem, Dr. Dre, & 50 Cent - Crack A Bottle [Official Video]",https://www.youtube.com/watch?v=_wN3wl473M0,5M views,3 weeks ago,EminemMusic,https://www.youtube.com/channel/UCfM3zsQsOnfWNUppiycmBuw
22,Eminem - Beautiful (Official Music Video),https://www.youtube.com/watch?v=lgT1AidzRWM,432M views,12 years ago,EminemMusic,https://www.youtube.com/channel/UCfM3zsQsOnfWNUppiycmBuw
23,VMAs: Snoop Dogg and Eminem Deliver Out of This World Performance,https://www.youtube.com/watch?v=XpkngLPc8Pw,2.6K views,1 hour ago,Entertainment Tonight,https://www.youtube.com/c/entertainmenttonight
24,Eminem - Cinderella Man (Lyric Video),https://www.youtube.com/watch?v=vs-Bsqt5ooQ,3.6M views,2 weeks ago,EminemMusic,https://www.youtube.com/channel/UCfM3zsQsOnfWNUppiycmBuw
25,KILLSHOT [Official Audio],https://www.youtube.com/watch?v=FxQTY-W6GIo,436M views,3 years ago,EminemMusic,https://www.youtube.com/channel/UCfM3zsQsOnfWNUppiycmBuw
26,Eminem - Lucky You ft. Joyner Lucas,https://www.youtube.com/watch?v=mvSItvjFE1c,180M views,3 years ago,EminemMusic,https://www.youtube.com/channel/UCfM3zsQsOnfWNUppiycmBuw
27,Eminem - Alfred's Theme (Lyric Video),https://www.youtube.com/watch?v=RkZQzzNkcXo,11M views,1 year ago,EminemMusic,https://www.youtube.com/channel/UCfM3zsQsOnfWNUppiycmBuw
28,Eminem - Stan (Long Version) ft. Dido,https://www.youtube.com/watch?v=gOMhN-hfMtY,574M views,12 years ago,EminemMusic,https://www.youtube.com/channel/UCfM3zsQsOnfWNUppiycmBuw
29,Akon - Smack That (Official Music Video) ft. Eminem,https://www.youtube.com/watch?v=bKDdT_nyP54,930M views,12 years ago,Akon,https://www.youtube.com/channel/UC6IBMCQ6-d7p41KHxOsq4RA
30,Eminem ft. 50 Cent - Is This Love (‚Äô09) [Official Audio],https://www.youtube.com/watch?v=qaba5mffrcw,1.3M views,2 weeks ago,EminemMusic,https://www.youtube.com/channel/UCfM3zsQsOnfWNUppiycmBuw
31,Eminem - Till I Collapse | Creed II (Motivational video) #work_hard #believe_in_yourself,https://www.youtube.com/watch?v=F16ZS6rM29s,35M views,2 years ago,ENERGY,https://www.youtube.com/channel/UCAXhtlCCGB8v3T0TK_Ztz4g
32,Eminem - No Love (Explicit Version) ft. Lil Wayne,https://www.youtube.com/watch?v=KV2ssT8lzj8,596M views,11 years ago,EminemMusic,https://www.youtube.com/channel/UCfM3zsQsOnfWNUppiycmBuw
33,Eminem - Lose Yourself (Lyrics),https://www.youtube.com/watch?v=tR1ECf4sEpw,54M views,2 years ago,7clouds,https://www.youtube.com/c/7clouds
34,Eminem - Lose Yourself ‚Ä¢ LIVE ‚Ä¢ The 92nd Academy Awards ‚Ä¢ Oscars 2020,https://www.youtube.com/watch?v=Cbtgk20s6wA,8.7M views,2 years ago,–ü—Ä–æ—Å—Ç–æ –∫–∞–Ω–∞–ª,https://www.youtube.com/c/DaniLch
35,Eminem & Rihanna Perform ‚ÄúLove the Way You Lie / Not Afraid‚Äù at 2010 VMAs | MTV,https://www.youtube.com/watch?v=Ul-b1-ar0p0,63M views,2 years ago,MTV,https://www.youtube.com/c/MTV
36,"EMINEM x SNOOP DOGG ""VMAS PERFORMANCE 2022"" | BRANDON FAUL REACTS",https://www.youtube.com/watch?v=q6Vc-8ZwEMU,178 views,4 hours ago,Brandon Faul,https://www.youtube.com/c/FaulPlay
37,"Eminem - Lose Yourself (Remix) 2Pac, The Notorious B.I.G., Method Man, Ice Cube, Eazy-E, Dr. Dre",https://www.youtube.com/watch?v=KB9dso-h_Es,94M views,1 year ago,RapMusicHD,https://www.youtube.com/c/RapMusicHDTV
38,Eminem - No Love ft. Lil Wayne,https://www.youtube.com/watch?v=UbQhKxxrq04,90M views,11 years ago,EminemMusic,https://www.youtube.com/channel/UCfM3zsQsOnfWNUppiycmBuw
39,Eminem ft. Rihanna - The Monster (Explicit) [Official Video],https://www.youtube.com/watch?v=EHkozMIXZ8w,852M views,8 years ago,EminemMusic,https://www.youtube.com/channel/UCfM3zsQsOnfWNUppiycmBuw
40,EMINEM RESPONDED TO GAME!? | Eminem & Kanye West - USE THIS GOSPEL (Remix) - DJ Khaled (REACTION!!!),https://www.youtube.com/watch?v=ApiMG6V3_wk,148K views,10 hours ago,No Life Shaq,https://www.youtube.com/c/NoLifeShaq
41,Eminem - Guts Over Fear ft. Sia (Official Video),https://www.youtube.com/watch?v=0AqnCSdkjQ0,243M views,7 years ago,EminemMusic,https://www.youtube.com/channel/UCfM3zsQsOnfWNUppiycmBuw
42,Eminem - Lose Yourself Live at the 2020 Oscars,https://www.youtube.com/watch?v=Nhe-LJLZMHk,18M views,2 years ago,Mauser932,https://www.youtube.com/user/DMAUSER932
43,"Eminem ft. CeeLo Green - ""The King And I""",https://www.youtube.com/watch?v=EksSDDte7EM,3.8M views,2 months ago,EminemMusic,https://www.youtube.com/channel/UCfM3zsQsOnfWNUppiycmBuw
44,Eminem - Mockingbird (Lyrics),https://www.youtube.com/watch?v=t5rBx86Noa0,10M views,1 year ago,Popular Music,https://www.youtube.com/c/PopularMusicNetwork
45,"DJ Khaled - USE THIS GOSPEL (REMIX - Official Audio) ft. Ye, Eminem",https://www.youtube.com/watch?v=Nh6DuYynq7c,1.2M views,3 days ago,DJ Khaled,https://www.youtube.com/channel/UC0Kgvj5t_c9EMWpEDWJuR1Q
46,"Skylar Grey, Polo G, Mozzy, Eminem - Last One Standing (Lyric Video)",https://www.youtube.com/watch?v=4haurn3S8z8,34M views,10 months ago,EminemMusic,https://www.youtube.com/channel/UCfM3zsQsOnfWNUppiycmBuw
47,EMIWAY - TRIBUTE TO EMINEM (OFFICIAL),https://www.youtube.com/watch?v=F6hwZsGQgE0,54M views,3 years ago,Emiway Bantai,https://www.youtube.com/channel/UCHmk8iNJHvf5mGN6_pkPc7g
48,Eminem - My Name Is (Official Music Video),https://www.youtube.com/watch?v=sNPnbI1arSE,234M views,13 years ago,EminemMusic,https://www.youtube.com/channel/UCfM3zsQsOnfWNUppiycmBuw
49,E M I N E M GREATEST HITS FULL ALBUM BEST SONGS OF E M I N E M PLAYLIST 2021,https://www.youtube.com/watch?v=0gNuwzliA4w,962K views,1 year ago,Music Mix,https://www.youtube.com/channel/UC22X8IG15Ss9d1SMkZ3sHvA
50,Did Eminem Just Get Saved? New Song With DJ Khaled And Kanye West. Hold Your Horses!,https://www.youtube.com/watch?v=Y5O62zTVY2Q,45K views,2 days ago,Marcus Rogers,https://www.youtube.com/c/MarcusRogers
51,Best Eminem Songs of all time - Eminem Playlist 2021,https://www.youtube.com/watch?v=rvNI9uyJEVI,246K views,1 year ago,Music Mix,https://www.youtube.com/channel/UC22X8IG15Ss9d1SMkZ3sHvA
52,The Real Slim Shady - Eminem (Lyrics),https://www.youtube.com/watch?v=UMPofnwxgKI,28M views,1 year ago,Popular Music,https://www.youtube.com/c/PopularMusicNetwork
53,EMINEM sent me a unreleased SONG from HIS NEW ALBUM! | Is this Love feat. 50 Cent,https://www.youtube.com/watch?v=jRYXsm7qocI,739K views,3 weeks ago,No Life Shaq,https://www.youtube.com/c/NoLifeShaq
54,Eminem - My Name Is (Dirty Version) (Official Music Video),https://www.youtube.com/watch?v=LDj8kkVwisY,45M views,13 years ago,EminemMusic,https://www.youtube.com/channel/UCfM3zsQsOnfWNUppiycmBuw
55,Till I Collapse Lyrics by Eminem,https://www.youtube.com/watch?v=gLMo7_VXU_s,17M views,10 years ago,Daddy Chill,https://www.youtube.com/user/ColdHeartTV
56,Eminem - Rap God (Mr. Cii Remix) [Official Audio],https://www.youtube.com/watch?v=OiBSeGoc9FQ,942K views,2 weeks ago,EminemMusic,https://www.youtube.com/channel/UCfM3zsQsOnfWNUppiycmBuw
57,"He did an ""IMPRESSIONS"" of EMINEM! watch how he Knelled it!",https://www.youtube.com/watch?v=nsBkl5MYzLI,5M views,1 year ago,The Best Talent,https://www.youtube.com/channel/UCKUxPrMssp90-wKxDjRzDTg
58,EMINEM Talks About GHOSTWRITERS And Why He Never Need Oneüî•,https://www.youtube.com/shorts/N6COYi0ozp0,36K views,1 day ago,The Eminem Show,https://www.youtube.com/c/TheEminemShow
59,Eminem - GNAT (Directed by Cole Bennett),https://www.youtube.com/watch?v=EosMazKaPbU,72M views,1 year ago,Lyrical Lemonade,https://www.youtube.com/user/GooodLifeFilms
60,Eminem - Kings Never Die (Lyric Video) ft. Gwen Stefani,https://www.youtube.com/watch?v=rpERSigjqXs,60M views,7 years ago,EminemMusic,https://www.youtube.com/channel/UCfM3zsQsOnfWNUppiycmBuw
61,Eminem - Godzilla (Lyric Video) ft. Juice WRLD,https://www.youtube.com/watch?v=3qFvCPmee8U,53M views,2 years ago,EminemMusic,https://www.youtube.com/channel/UCfM3zsQsOnfWNUppiycmBuw
62,Eminem - Cleanin' Out My Closet (Official Music Video),https://www.youtube.com/watch?v=RQ9_TKayu9s,343M views,13 years ago,EminemMusic,https://www.youtube.com/channel/UCfM3zsQsOnfWNUppiycmBuw
