S.NO,Channel name,Channel link,Subscriber,Video count
1,EminemMusic,https://www.youtube.com/c/eminem,53.2M subscribers,241 videos
2,EminemVEVO,https://www.youtube.com/user/EminemVEVO,,101 videos
3,Eminem,https://www.youtube.com/user/TVEminemHD,1.51K subscribers,3 videos
4,EMINEM,https://www.youtube.com/channel/UCHQGt2u6_t_gMqNHM5un-ZQ,57 subscribers,17 videos
5,Eminem - Topic,https://www.youtube.com/channel/UCedvOgsKFzcK3hA5taf3KoQ,,"1,269 videos"
6,Eminem,https://www.youtube.com/channel/UCGApxSapF3A7jtuWyC9jhQQ,230 subscribers,104 videos
7,Eminem Lyrics,https://www.youtube.com/channel/UCYDIDUTJKLBZ9OyRp-vABhQ,361 subscribers,58 videos
8,Eminem Shorts,https://www.youtube.com/c/EMINEMRAPINEM,265K subscribers,100 videos
9,Eminem Zone,https://www.youtube.com/channel/UCHCYyI8fPRsge5IHU863bXQ,1.94K subscribers,8 videos
10,EminemVEVO,https://www.youtube.com/c/EminemMusicRicords55,783 subscribers,3 videos
11,Eminem Lyrics,https://www.youtube.com/user/eminemlyrics1793,97.1K subscribers,11 videos
12,Eminem,https://www.youtube.com/user/VuMovies,1.18K subscribers,2 videos
13,Eminem,https://www.youtube.com/channel/UCsSIhYITklRP0GB9DAYkGJw,2 subscribers,18 videos
14,Eminem World,https://www.youtube.com/user/EminemSlimMarshallM,11.7K subscribers,3 videos
15,Eminem Videos,https://www.youtube.com/channel/UCeZktk-i2aqdJ0Jn38Qnvzg,856 subscribers,12 videos
16,FF Eminem Gaming,https://www.youtube.com/channel/UCBqelhAubP8aeMR9Ji5kpEg,29 subscribers,28 videos
17,EminemExplicit,https://www.youtube.com/c/EminemExplicit,418K subscribers,68 videos
18,Eminem Lyrics,https://www.youtube.com/channel/UCBR70JBeS2Bxo1DKKnYiy_Q,1.11K subscribers,69 videos
19,Eminem Media,https://www.youtube.com/channel/UCgflwGL1Bv2EeWL9uA1NwHg,20K subscribers,437 videos
20,Eminem world,https://www.youtube.com/channel/UCcAfpHAygTwBF9rv2tViP7w,2.23K subscribers,233 videos
21,Eminem,https://www.youtube.com/channel/UCX39w3JRzh02YqlXp9UrxOQ,6 subscribers,13 videos
22,- Eminem-,https://www.youtube.com/channel/UC7PvxyZ6dVAxCAN_kfuGFOw,11 subscribers,3 videos
23,EMINEM,https://www.youtube.com/user/SongsEminemNew1,303 subscribers,24 videos
24,Eminem Song,https://www.youtube.com/channel/UCiFX_04J8FKaD2pzKK9RQ1w,402 subscribers,36 videos
25,EMINEM 30SEC,https://www.youtube.com/channel/UCJAZc4MKo1DtIT6FApGNZyg,4.04K subscribers,145 videos
26,Gr.Lyrics/Eminem,https://www.youtube.com/channel/UCOyOj2zKPN1UO23zLLcMgSg,2.38K subscribers,92 videos
27,Rare Eminem,https://www.youtube.com/channel/UCE_CH0uoCebofSZ8tbV3ipQ,7.58K subscribers,"1,281 videos"
28,Eminem Brasil,https://www.youtube.com/channel/UCH_Jm9z5irzJk7KfjhPSZuA,1.16K subscribers,50 videos
29,Eminem Fan Club [Myanmar],https://www.youtube.com/c/EminemFanClubMyanmar,1.53K subscribers,22 videos
30,Eminem Is On Right Now,https://www.youtube.com/channel/UC3vEMn6Cvu73J3cg9nYF9RA,4.23K subscribers,13 videos
31,Eminem Planet,https://www.youtube.com/channel/UCxAjddF6SV8dNX0E2iX8Lew,4.39K subscribers,73 videos
32,Eminem 77,https://www.youtube.com/channel/UCSIQhMyJH23l58U86w5mQJA,76 subscribers,45 videos
33,Eminem Lyrics,https://www.youtube.com/channel/UCJ2YShk2Mdzme1p0vaeKzdg,20 subscribers,24 videos
34,EMINEM FREEFIRE,https://www.youtube.com/channel/UCuDIiR9JgCc_Nl0kpU623mg,2 subscribers,9 videos
35,eminem,https://www.youtube.com/channel/UCbEyHc2FNLv9quUzGaCFv6Q,6 subscribers,1 video
36,Eminem Al,https://www.youtube.com/channel/UC2_pKRrl4QJOrc-fLhPsDWA,217 subscribers,6 videos
37,Eminem rap God,https://www.youtube.com/channel/UCK36rq8pUrpeHuPI89EBgNA,,3 videos
38,NXRemix,https://www.youtube.com/c/prodbyNAMEX,123K subscribers,472 videos
39,EMINEM ADDICTED 2.0,https://www.youtube.com/channel/UCNS_x3PfqAYcWJ6FmbLJ_LA,155 subscribers,10 videos
40,EMINEM LEGEND,https://www.youtube.com/channel/UCar9JkjcMBDYoFa6wGvbNfg,77 subscribers,20 videos
41,Eminem Storie's,https://www.youtube.com/channel/UCVfwAQTI92pu2mckjLSx2Ig,28 subscribers,6 videos
42,Eminem France Source,https://www.youtube.com/channel/UCgo5Yt1J3_MW52IE1WPxYEA,668 subscribers,5 videos
43,Eminem Boss,https://www.youtube.com/channel/UC7aY492C-PWsydWG_IyV1nA,1.28K subscribers,29 videos
44,Eminem Uncut,https://www.youtube.com/channel/UCxv0XVMBdsuRK6N0cxt4-bg,80 subscribers,8 videos
45,eminem ahmed,https://www.youtube.com/channel/UCdiYDdY4hiniSN3jtPvisaA,2 subscribers,27 videos
46,EMINEM _US,https://www.youtube.com/channel/UCoNHVvV3CPSPixYnqcXF3gQ,8 subscribers,1 video
47,Eminem music,https://www.youtube.com/channel/UCk3vAwofZZ-LQmliO9JsNLQ,11 subscribers,21 videos
48,Eminem Bulgaria,https://www.youtube.com/c/EminemBulgaria,3.03K subscribers,42 videos
49,India ka Eminem,https://www.youtube.com/channel/UC0jkfyqRZfjiOQAmdCuL5Fw,7 subscribers,7 videos
50,Eminem News,https://www.youtube.com/channel/UCu9FyE4bKB2JsFvwxgnFQbw,9 subscribers,1 video
51,Eminem LyricsHD,https://www.youtube.com/channel/UCr1PxrkhLHKgkmf7zZ2nnzQ,5 subscribers,7 videos
52,Eminem Project,https://www.youtube.com/channel/UCPIht0KGDBOMnKG73MG9k6A,80 subscribers,1 video
53,Ela Eminem,https://www.youtube.com/channel/UCZZBSsRSacn-al3_f_50yxg,65 subscribers,12 videos
54,Eminem Songs/Mixes/Mash-ups,https://www.youtube.com/channel/UCSZ9-ogjo_1TPNlWUvDcPiQ,155 subscribers,2 videos
55,Eminem Myrchiang,https://www.youtube.com/c/JoyMondal9123,188 subscribers,49 videos
56,EMINEM SONG,https://www.youtube.com/channel/UC_gQ-UixRUn-M7GvBxXqEVA,2 subscribers,4 videos
57,Eminem Records,https://www.youtube.com/channel/UCt_GXomAlK6S5_T2MA9fYCQ,4 subscribers,6 videos
58,Eminem 1 hour,https://www.youtube.com/channel/UCiSrRftNEcVKVcnnh6caFmQ,58 subscribers,3 videos
59,Eminem ESPVideo,https://www.youtube.com/channel/UCBMPpWspyB1uQ8RKR_Q1TEw,1.2K subscribers,5 videos
60,Eminem Mustafa,https://www.youtube.com/channel/UCz3VeclIfV4C5o_rBcGir8A,8 subscribers,7 videos
61,The Eminem Show,https://www.youtube.com/c/TheEminemShow,101K subscribers,174 videos
62,eminem news,https://www.youtube.com/channel/UCXcVWXVgO1pS3AfuMibFqoA,14 subscribers,2 videos
63,Eminem music,https://www.youtube.com/user/MrSteveharrisfan,977 subscribers,3 videos
64,Eminem World News,https://www.youtube.com/channel/UCpfiOnW7n17mnbu0YbLkfZg,74 subscribers,2 videos
65,Eminem god,https://www.youtube.com/channel/UClPipeG-O6OKQuplNTU_APA,1 subscriber,1 video
66,Eminem's music,https://www.youtube.com/channel/UCVTQpICXQV1HHmZsKAsssCw,1 subscriber,1 video
67,EMINEM,https://www.youtube.com/channel/UCZ_d4YcDFtMLN-7LII-o4Yw,38 subscribers,17 videos
68,Eminem lyrics maroc,https://www.youtube.com/channel/UCdf8dbdCXsI4Ii_uVLo0Kgg,,1 video
69,EMINEM RECORDS,https://www.youtube.com/channel/UCTAumN9-Z693PkfV0PUswbw,31 subscribers,12 videos
70,Eminem Serbia,https://www.youtube.com/c/ZoranSrbin,839 subscribers,59 videos
71,Md Eminem khan,https://www.youtube.com/channel/UCSwo00fRBNZN7eV8Etr_CHA,,3 videos
72,Fan of Eminem,https://www.youtube.com/channel/UCKsC3XOpsqa5giIMOKjJxPA,363 subscribers,5 videos
73,Eminem TÃ¼rkiye,https://www.youtube.com/channel/UCPlQjmDIr84gOchkkOkfV0g,592 subscribers,4 videos
74,"Eminem, Music",https://www.youtube.com/channel/UCOW6UKLrLnrmHG65kDqLTag,2 subscribers,1 video
75,eminem,https://www.youtube.com/channel/UC6ds6PwmM98HYh51cO4o8pA,1 subscriber,5 videos
76,Eminem-brawl stars,https://www.youtube.com/channel/UCCnKMPkvXk4KuKpCBh6FUFg,17 subscribers,8 videos
77,EMINEM RAP CHANNEL,https://www.youtube.com/channel/UC9DWi-OoXuiSDe8dPdA2m0Q,,1 video
